Date_Received,Appl_Type,CBLinkID,kiosktype,Latitude,Longitude,Borough,ZoningNumb,CB,Building_Number,Street_Name,Cross_Street 1,Cross_Street 2,LinkInHist,Landmark_Name,PavementTy,LinkInBID,BID_Name,permit_app,company_na,LinkInSADName,LinkInSAD,Location 1
08/19/2016,new site,LINK-005408,advertising unit,40.575699,-74.119691000000003,SI,C2-1/R3-1,2,8,NEW DORP LANE,RICHMOND ROAD,2 STREET,NONE,,2 STREET,NO,,81420,CityBridge LLC,,,"(40.575699, -74.119691000000003)"
08/19/2016,new site,LINK-006874,advertising unit,40.720554,-73.842586999999995,Queens,C4-5X/FH,6,,QUEENS BOULEVARD,71 ROAD,72 AVENUE,NONE,,72 AVENUE,NO,,81450,CityBridge LLC,,,"(40.720554, -73.842586999999995)"
08/19/2016,new site,LINK-006876,advertising unit,40.718952999999999,-73.838976000000002,Queens,C1-2/R6,6,,QUEENS BOULEVARD,73 AVENUE,73 ROAD,NONE,,73 ROAD,NO,,81451,CityBridge LLC,,,"(40.718952999999999, -73.838976000000002)"
08/19/2016,new site,LINK-006878,advertising unit,40.718328999999997,-73.837971999999993,Queens,C1-2/R6,6,,QUEENS BOULEVARD,73 ROAD,75 AVENUE,NONE,,75 AVENUE,NO,,81452,CityBridge LLC,,,"(40.718328999999997, -73.837971999999993)"
08/19/2016,new site,LINK-006880,advertising unit,40.717891000000002,-73.836680000000001,Queens,C1-2/R6,6,,QUEENS BOULEVARD,75 ROAD,76 AVENUE,NONE,,76 AVENUE,NO,,81453,CityBridge LLC,,,"(40.717891000000002, -73.836680000000001)"
08/19/2016,new site,LINK-006882,advertising unit,40.71725,-73.835567999999995,Queens,C1-2/R6,6,,QUEENS BOULEVARD,76 AVENUE,76 ROAD,NONE,,76 ROAD,NO,,81454,CityBridge LLC,,,"(40.71725, -73.835567999999995)"
08/19/2016,new site,LINK-006885,advertising unit,40.714860999999999,-73.832341,Queens,C4-4D,6,,QUEENS BOULEVARD,78 AVENUE,78 CRESCENT,NONE,,78 CRESCENT,NO,,81455,CityBridge LLC,,,"(40.714860999999999, -73.832341)"
08/19/2016,new site,LINK-006987,advertising unit,40.711072000000001,-73.828159999999997,Queens,C4-4,9,,KEW GARDENS ROAD,82 ROAD,82 DRIVE,NONE,,82 DRIVE,NO,,81456,CityBridge LLC,,,"(40.711072000000001, -73.828159999999997)"
08/19/2016,new site,LINK-018037,advertising unit,40.733345999999997,-73.870835999999997,Queens,C1-2/R6,4,,QUEENS BOULEVARD,90 STREET,WOODHAVEN BOULEVARD,NONE,,WOODHAVEN BOULEVARD,NO,,81457,CityBridge LLC,,,"(40.733345999999997, -73.870835999999997)"
08/19/2016,new site,LINK-018039,advertising unit,40.726323000000001,-73.853012000000007,Queens,C1-2/R7-1,6,,QUEENS BOULEVARD,67 AVENUE,67 ROAD,NONE,,67 ROAD,NO,,81459,CityBridge LLC,,,"(40.726323000000001, -73.853012000000007)"
08/19/2016,new site,LINK-018040,advertising unit,40.726495,-73.853138000000001,Queens,C1-2,6,,QUEENS BOULEVARD,67 AVENUE ,67 ROAD,NONE,,67 ROAD,NO,,81460,CityBridge LLC,,,"(40.726495, -73.853138000000001)"
08/19/2016,new site,LINK-018041,advertising unit,40.726694999999999,-73.853928999999994,Queens,C1-2/R7-1,6,,QUEENS BOULEVARD,67 AVENUE,67 ROAD,NONE,,67 ROAD,NO,,81461,CityBridge LLC,,,"(40.726694999999999, -73.853928999999994)"
08/19/2016,new site,LINK-018043,advertising unit,40.727490000000003,-73.856075000000004,Queens,C1-2/R7-1,6,,QUEENS BOULEVARD,64 ROAD,65 AVENUE,NONE,,65 AVENUE,NO,,81462,CityBridge LLC,,,"(40.727490000000003, -73.856075000000004)"
08/19/2016,new site,LINK-018045,advertising unit,40.727849999999997,-73.856847999999999,Queens,C1-2/R7-1,6,,QUEENS BOULEVARD,65 ROAD,66 AVENUE,NONE,,66 AVENUE,NO,,81463,CityBridge LLC,,,"(40.727849999999997, -73.856847999999999)"
08/19/2016,new site,LINK-018046,advertising unit,40.728007866703798,-73.857492956086602,Queens,C1-2/R7-1,6,,QUEENS BOULEVARD,65 ROAD,66 AVENUE,NONE,,66 AVENUE,NO,,81464,CityBridge LLC,,,"(40.728007866703798, -73.857492956086602)"
08/19/2016,new site,LINK-018047,advertising unit,40.698281497605898,-73.992558465303503,Brooklyn,C1-5/R8,2,79,HENRY STREET,ORANGE STREET,PINEAPPLE STREET,NONE,,PINEAPPLE STREET,NO,,81465,CityBridge LLC,,,"(40.698281497605898, -73.992558465303503)"
08/19/2016,new site,LINK-018049,advertising unit,40.697180000000003,-73.991517999999999,Brooklyn,C1-5/R8,2,240,CADMAN PLAZA WEST,MIDDAGH STREET,PINEAPPLE WALK,NONE,,PINEAPPLE WALK,NO,,81467,CityBridge LLC,,,"(40.697180000000003, -73.991517999999999)"
08/19/2016,new site,LINK-018051,advertising unit,40.695028000000001,-73.990933999999996,Brooklyn,C6-4/DB,2,300,CADMAN PLAZA WEST,CLINTON STREET,JOHNSON STREET,NONE,,JOHNSON STREET,NO,,81469,CityBridge LLC,,,"(40.695028000000001, -73.990933999999996)"
08/19/2016,new site,LINK-018053,advertising unit,40.694026000000001,-73.990647999999993,Brooklyn,C6-4C5-2A,2,215,MONTAGUE STREET,CLINTON STREET,COURT STREET,NONE,,COURT STREET,YES,Montague StreetBID,81470,CityBridge LLC,,,"(40.694026000000001, -73.990647999999993)"
08/19/2016,new site,LINK-018071,advertising unit,40.682198,-73.961661000000007,Brooklyn,C2-4/R7A,2,464,GRAND AVENUE,FULTON STREET,LEFFERTS PLACE,NONE,,LEFFERTS PLACE,YES,Fulton Area Business (FAB) Alliance,81471,CityBridge LLC,,,"(40.682198, -73.961661000000007)"
08/19/2016,new site,LINK-018055,advertising unit,40.688994000000001,-73.983376000000007,Brooklyn,C6-4/DB,2,23,BOND STREET,FULTON STREET,LIVINGSTON STREET,NONE,,LIVINGSTON STREET,YES,Fulton Mall Improvement Association,81472,CityBridge LLC,,,"(40.688994000000001, -73.983376000000007)"
08/22/2016,new site,LINK-018093,advertising unit,40.674039,-73.956827000000004,Brooklyn,C2-4/R7A,8,782,FRANKLIN AVENUE,ST JOHNS PLACE,LINCOLN PLACE,NONE,,LINCOLN PLACE,NO,,81504,CityBridge LLC,,,"(40.674039, -73.956827000000004)"
08/19/2016,new site,LINK-018056,advertising unit,40.688873000000001,-73.982481000000007,Brooklyn,C6-4/DB,2,15,HANOVER PLACE,GROVE PLACE,LIVINGSTON STREET,NONE,,LIVINGSTON STREET,YES,Fulton Mall Improvement Association,81473,CityBridge LLC,,,"(40.688873000000001, -73.982481000000007)"
08/19/2016,new site,LINK-018057,advertising unit,40.688035999999997,-73.981874000000005,Brooklyn,C6-4/DB,2,322,LIVINGSTON STREET,HANOVER PLACE,NEVINS STREET,NONE,,NEVINS STREET,YES,Court-Livingston-SchermerhornBID,81474,CityBridge LLC,,,"(40.688035999999997, -73.981874000000005)"
08/19/2016,new site,LINK-018058,advertising unit,40.688963999999999,-73.980341999999993,Brooklyn,C6-4,2,498,HUDSON AVENUE,DEKALB AVENUE,FULTON STREET,NONE,,FULTON STREET,YES,MetroTechBID,81475,CityBridge LLC,,,"(40.688963999999999, -73.980341999999993)"
08/19/2016,new site,LINK-018062,advertising unit,40.684547000000002,-73.970225999999997,Brooklyn,C2-4 /R7A,2,710,FULTON STREET,SOUTH PORTLAND AVENUE,GREENE AVENUE,NONE,,GREENE AVENUE,YES,Fulton Area Business (FAB) Alliance,81476,CityBridge LLC,,,"(40.684547000000002, -73.970225999999997)"
08/19/2016,new site,LINK-018064,advertising unit,40.683748000000001,-73.967809000000003,Brooklyn,C2-3/R7-2,2,770,FULTON STREET,CARLTON AVENUE,ADELPHI STREET,NONE,,ADELPHI STREET,YES,Fulton Area Business (FAB) Alliance,81478,CityBridge LLC,,,"(40.683748000000001, -73.967809000000003)"
08/19/2016,new site,LINK-018066,advertising unit,40.683591,-73.967093000000006,Brooklyn,C1-3/R6,2,887,FULTON STREET,VANDERBILT AVENUE,CLINTON AVENUE,NONE,,CLINTON AVENUE,YES,Fulton Area Business (FAB) Alliance,81479,CityBridge LLC,,,"(40.683591, -73.967093000000006)"
08/19/2016,new site,LINK-018067,advertising unit,40.660908999999997,-73.961160000000007,Brooklyn,C2-4/R7A,2,907,FULTON STREET,VANDERBILT AVENUE,CLINTON AVENUE,NONE,,CLINTON AVENUE,NO,,81480,CityBridge LLC,,,"(40.660908999999997, -73.961160000000007)"
08/19/2016,new site,LINK-018074,advertising unit,40.662346999999997,-73.962006000000002,Brooklyn,C2-3/R7-1,9,51,LINCOLN ROAD,BRIGHTON LINE,FLATBUSH AVENUE,NONE,,FLATBUSH AVENUE,NO,,81485,CityBridge LLC,,,"(40.662346999999997, -73.962006000000002)"
08/19/2016,new site,LINK-018075,advertising unit,40.656466999999999,-73.959692000000004,Brooklyn,C5-4/DB,2,486,FLATBUSH AVENUE,GOLD STREET,BOND STREET,NONE,,BOND STREET,NO,,81486,CityBridge LLC,,,"(40.656466999999999, -73.959692000000004)"
08/19/2016,new site,LINK-018078,advertising unit,40.667698999999999,-73.958969999999994,Brooklyn,C1-3/R7-1,9,10,WINTHROP STREET,FLATBUSH AVENUE,BEDFORD AVENUE,NONE,,BEDFORD AVENUE,NO,,81489,CityBridge LLC,,,"(40.667698999999999, -73.958969999999994)"
08/19/2016,new site,LINK-018079,advertising unit,40.668156000000003,-73.958800999999994,Brooklyn,C1-3/R6A,9,903,FRANKLIN AVENUE,CARROLL STREET,CROWN STREET,NONE,,CROWN STREET,NO,,81490,CityBridge LLC,,,"(40.668156000000003, -73.958800999999994)"
08/19/2016,new site,LINK-018080,advertising unit,40.654704000000002,-73.959570999999997,Brooklyn,C1-3/R6A,9,897,FRANKLIN AVENUE,UNION STREET,PRESIDENT STREET,NONE,,PRESIDENT STREET,YES,Bed-Stuy GatewayBID,81491,CityBridge LLC,,,"(40.654704000000002, -73.959570999999997)"
08/19/2016,new site,LINK-018081,advertising unit,40.652458000000003,-73.959106000000006,Brooklyn,C2-4/R7A,14,741,FLATBUSH AVENUE,CLARKSON AVENUE,LENOX ROAD,NONE,,LENOX ROAD,YES,Flatbush AvenueBID,81492,CityBridge LLC,,,"(40.652458000000003, -73.959106000000006)"
08/19/2016,new site,LINK-018082,advertising unit,40.650029000000004,-73.958500999999998,Brooklyn,C2-4/R7A,14,827,FLATBUSH AVENUE,CATON AVENUE,LINDEN BOULEVARD,NONE,,LINDEN BOULEVARD,YES,Flatbush AvenueBID,81493,CityBridge LLC,,,"(40.650029000000004, -73.958500999999998)"
08/19/2016,new site,LINK-018083,advertising unit,40.650354999999998,-73.958484999999996,Brooklyn,C4-4A,14,895,FLATBUSH AVENUE,CHURCH AVENUE,SNYDER AVENUE,NONE,,SNYDER AVENUE,YES,Flatbush AvenueBID,81494,CityBridge LLC,,,"(40.650354999999998, -73.958484999999996)"
08/19/2016,new site,LINK-018084,advertising unit,40.649115000000002,-73.958291000000003,Brooklyn,C4-4A,14,2204,CHURCH AVENUE,FLATBUSH AVENUE,BEDFORD AVENUE,NONE,,BEDFORD AVENUE,YES,Flatbush AvenueBID,81495,CityBridge LLC,,,"(40.649115000000002, -73.958291000000003)"
08/19/2016,new site,LINK-018085,advertising unit,40.645230293003799,-73.958148739514101,Brooklyn,C4-4A,14,927,FLATBUSH AVENUE,CHURCH AVENUE,SNYDER AVENUE,NONE,,SNYDER AVENUE,YES,Flatbush AvenueBID,81496,CityBridge LLC,,,"(40.645230293003799, -73.958148739514101)"
08/20/2016,new site,LINK-018087,advertising unit,40.644427999999998,-73.958065000000005,Brooklyn,C4-4A,14,1052,FLATBUSH AVENUE,REGENT PLACE,DURYEA PLACE,NONE,,DURYEA PLACE,YES,Flatbush AvenueBID,81498,CityBridge LLC,,,"(40.644427999999998, -73.958065000000005)"
08/22/2016,new site,LINK-018089,advertising unit,40.643934366718597,-73.958060123044802,Brooklyn,C4-4A,14,1072,FLATBUSH AVENUE,BEVERLEY ROAD,CORTELYOU ROAD,NONE,,CORTELYOU ROAD,NO,,81500,CityBridge LLC,,,"(40.643934366718597, -73.958060123044802)"
08/22/2016,new site,LINK-018090,advertising unit,40.646605000000001,-73.957828000000006,Brooklyn,C2-4/R7A,14,1088,FLATBUSH AVENUE,CORTELYOU ROAD,CLARENDON ROAD,NONE,,CLARENDON ROAD,YES,Flatbush AvenueBID,81501,CityBridge LLC,,,"(40.646605000000001, -73.957828000000006)"
08/22/2016,new site,LINK-018091,advertising unit,40.671354999999998,-73.957792999999995,Brooklyn,C4-2,14,2163,TILDEN AVENUE,FLATBUSH AVENUE,EAST   22 STREET,NONE,,EAST   22 STREET,NO,,81502,CityBridge LLC,,,"(40.671354999999998, -73.957792999999995)"
08/22/2016,new site,LINK-018092,advertising unit,40.671793000000001,-73.957633000000001,Brooklyn,C2-4/R7A,8,792,FRANKLIN AVENUE,LINCOLN PLACE,EASTERN PARKWAY,NONE,,EASTERN PARKWAY,NO,,81503,CityBridge LLC,,,"(40.671793000000001, -73.957633000000001)"
08/22/2016,new site,LINK-018095,advertising unit,40.675141000000004,-73.956281000000004,Brooklyn,C2-4/R7A,8,720,FRANKLIN AVENUE,PARK PLACE,STERLING PLACE,NONE,,STERLING PLACE,NO,,81505,CityBridge LLC,,,"(40.675141000000004, -73.956281000000004)"
08/22/2016,new site,LINK-018096 ,advertising unit,40.675745999999997,-73.956215999999998,Brooklyn,C2-4/R7A,8,685,FRANKLIN AVENUE,ST MARKS AVENUE,PROSPECT PLACE,NONE,,PROSPECT PLACE,NO,,81506,CityBridge LLC,,,"(40.675745999999997, -73.956215999999998)"
08/22/2016,new site,LINK-018097,advertising unit,40.676713999999997,-73.955858000000006,Brooklyn,C2-4/R7A,8,658,FRANKLIN AVENUE,ST MARKS AVENUE,PROSPECT PLACE,NONE,,PROSPECT PLACE,NO,,81507,CityBridge LLC,,,"(40.676713999999997, -73.955858000000006)"
08/22/2016,new site,LINK-018099,advertising unit,40.681852999999997,-73.958534999999998,Brooklyn,C2-4/R7A,8,634,FRANKLIN AVENUE,BERGEN STREET,ST MARKS AVENUE,NONE,,ST MARKS AVENUE,YES,Bed-Stuy GatewayBID,81509,CityBridge LLC,,,"(40.681852999999997, -73.958534999999998)"
08/22/2016,new site,LINK-018100,advertising unit,40.681316000000002,-73.956200999999993,Brooklyn,C2-4/R7D,3,549,CLASSON AVENUE,PUTNAM AVENUE,FULTON STREET,NONE,,FULTON STREET,YES,Bed-Stuy GatewayBID,81510,CityBridge LLC,,,"(40.681316000000002, -73.956200999999993)"
08/22/2016,new site,LINK-018101,advertising unit,40.679506000000003,-73.955431000000004,Brooklyn,C1-3/R6,3,1139,FULTON STREET,CLAVER PLACE,FRANKLIN AVENUE,NONE,,FRANKLIN AVENUE,NO,,81511,CityBridge LLC,,,"(40.679506000000003, -73.955431000000004)"
08/22/2016,new site,LINK-018103,advertising unit,40.679986999999997,-73.949472999999998,Brooklyn,M1-1,3,560,FRANKLIN AVENUE,BREVOORT PLACE,ATLANTIC AVENUE,NONE,,ATLANTIC AVENUE,YES,Flatbush AvenueBID,81513,CityBridge LLC,,,"(40.679986999999997, -73.949472999999998)"
08/22/2016,new site,LINK-018105,advertising unit,40.680444999999999,-73.949403000000004,Brooklyn,C4-5D,3,505,NOSTRAND AVENUE,FULTON STREET,HERKIMER STREET,NONE,,HERKIMER STREET,YES,Bed-Stuy GatewayBID,81515,CityBridge LLC,,,"(40.680444999999999, -73.949403000000004)"
08/22/2016,new site,LINK-018106,advertising unit,40.680444999999999,-73.949403000000004,Brooklyn,C4-5D,3,1295,FULTON STREET,NOSTRAND AVENUE,VERONA PLACE,NONE,,VERONA PLACE,YES,Bed-Stuy GatewayBID,81516,CityBridge LLC,,,"(40.680444999999999, -73.949403000000004)"
08/22/2016,new site,LINK-018107,advertising unit,40.680185999999999,-73.944903999999994,Brooklyn,C2-4/R7D,3,1313,FULTON STREET,NOSTRAND AVENUE,VERONA PLACE,NONE,,VERONA PLACE,YES,Bed-Stuy GatewayBID,81517,CityBridge LLC,,,"(40.680185999999999, -73.944903999999994)"
08/22/2016,new site,LINK-018108,advertising unit,40.680059,-73.942260000000005,Brooklyn,C4-5D,3,1,NEW YORK AVENUE,FULTON STREET,HERKIMER STREET,NONE,,HERKIMER STREET,YES,Bed-Stuy GatewayBID,81518,CityBridge LLC,,,"(40.680059, -73.942260000000005)"
08/22/2016,new site,LINK-018110,advertising unit,40.680011,-73.941353000000007,Brooklyn,C2-4/R7D,3,1409,FULTON STREET,MARCY AVENUE,BROOKLYN AVENUE,NONE,,BROOKLYN AVENUE,YES,Bed-Stuy GatewayBID,81520,CityBridge LLC,,,"(40.680011, -73.941353000000007)"
08/22/2016,new site,LINK-018111,advertising unit,40.679594000000002,-73.941171999999995,Brooklyn,C2-4/R6A,3,1473,FULTON STREET,TOMPKINS AVENUE,KINGSTON AVENUE,NONE,,KINGSTON AVENUE,YES,Bed-Stuy GatewayBID,81521,CityBridge LLC,,,"(40.679594000000002, -73.941171999999995)"
08/22/2016,new site,LINK-018112 ,advertising unit,40.679943000000002,-73.940132000000006,Brooklyn,C2-4/R6A,3,1499,FULTON STREET,TOMPKINS AVENUE,KINGSTON AVENUE,NONE,,KINGSTON AVENUE,YES,Bed-Stuy GatewayBID,81522,CityBridge LLC,,,"(40.679943000000002, -73.940132000000006)"
08/22/2016,new site,LINK-018113,advertising unit,40.679743000000002,-73.939102000000005,Brooklyn,C2-4/R7D,3,7,KINGSTON AVENUE,FULTON STREET,HERKIMER STREET,NONE,,HERKIMER STREET,YES,Bed-Stuy GatewayBID,81523,CityBridge LLC,,,"(40.679743000000002, -73.939102000000005)"
08/22/2016,new site,LINK-018114,advertising unit,40.679882999999997,-73.937557999999996,Brooklyn,C2-4/R7D,3,1531,FULTON STREET,THROOP AVENUE,ALBANY AVENUE,NONE,,ALBANY AVENUE,YES,Bed-Stuy GatewayBID,81524,CityBridge LLC,,,"(40.679882999999997, -73.937557999999996)"
08/22/2016,new site,LINK-018115 ,advertising unit,40.679637,-73.936909,Brooklyn,C2-4/R7D,3,1546,FULTON STREET,THROOP AVENUE,ALBANY AVENUE,NONE,,ALBANY AVENUE,YES,Bed-Stuy GatewayBID,81525,CityBridge LLC,,,"(40.679637, -73.936909)"
08/22/2016,new site,LINK-018117,advertising unit,40.679558,-73.935500000000005,Brooklyn,C2-4/R7D,3,1591,FULTON STREET,ALBANY AVENUE,MARCUS GARVEY BOULEVARD,NONE,,MARCUS GARVEY BOULEVARD,YES,Bed-Stuy GatewayBID,81527,CityBridge LLC,,,"(40.679558, -73.935500000000005)"
08/22/2016,new site,LINK-018118,advertising unit,40.679380999999999,-73.929834,Brooklyn,C2-4/R7D,3,1602,FULTON STREET,MARCUS GARVEY BOULEVARD,LEWIS AVENUE,NONE,,LEWIS AVENUE,NO,,81528,CityBridge LLC,,,"(40.679380999999999, -73.929834)"
08/22/2016,new site,LINK-018119,advertising unit,40.679321999999999,-73.928578000000002,Brooklyn,C2-4/R7D,3,1628,FULTON STREET,MARCUS GARVEY BOULEVARD,LEWIS AVENUE,NONE,,LEWIS AVENUE,NO,,81529,CityBridge LLC,,,"(40.679321999999999, -73.928578000000002)"
08/22/2016,new site,LINK-018120,advertising unit,40.679160315252098,-73.926201614982403,Brooklyn,C2-4/R6,3,1741,FULTON STREET,MALCOLM X BOULEVARD,ROCHESTER AVENUE,NONE,,ROCHESTER AVENUE,NO,,81530,CityBridge LLC,,,"(40.679160315252098, -73.926201614982403)"
08/22/2016,new site,LINK-018121,advertising unit,40.679015,-73.921802,Brooklyn,C2-4\17A,3,1755,FULTON STREET,MALCOLM X BOULEVARD,ROCHESTER AVENUE ,NONE,,ROCHESTER AVENUE ,NO,,81531,CityBridge LLC,,,"(40.679015, -73.921802)"
08/22/2016,new site,LINK-018122,advertising unit,40.678562999999997,-73.917236000000003,Brooklyn,C2-4\R7D,3,2,SUMPTER STREET,FULTON STREET ,BEND,NONE,,BEND,NO,,81532,CityBridge LLC,,,"(40.678562999999997, -73.917236000000003)"
08/22/2016,new site,LINK-018124,advertising unit,40.678407999999997,-73.916371999999996,Brooklyn,C2-4/R6B,3,293,RALPH AVENUE,SUMPTER STREET,MAC DOUGAL STREET,NONE,,MAC DOUGAL STREET,NO,,81533,CityBridge LLC,,,"(40.678407999999997, -73.916371999999996)"
08/22/2016,new site,LINK-018127,advertising unit,40.678480999999998,-73.915729999999996,Brooklyn,C2-4/R7D,3,2022,FULTON STREET,HULL STREET,SARATOGA AVENUE,NONE,,SARATOGA AVENUE,NO,,81536,CityBridge LLC,,,"(40.678480999999998, -73.915729999999996)"
08/22/2016,new site,LINK-018128,advertising unit,40.678283,-73.912184999999994,Brooklyn,C2-4/R7D,3,224,SARATOGA AVENUE,FULTON STREET,HERKIMER STREET,NONE,,HERKIMER STREET,NO,,81537,CityBridge LLC,,,"(40.678283, -73.912184999999994)"
08/22/2016,new site,LINK-018129,advertising unit,40.678319000000002,-73.910252,Brooklyn,C2-3/R6,16,2058,FULTON STREET,SARATOGA AVENUE,THOMAS S BOYLAND STREET,NONE,,THOMAS S BOYLAND STREET,NO,,81538,CityBridge LLC,,,"(40.678319000000002, -73.910252)"
08/22/2016,new site,LINK-018133,advertising unit,40.727094999999998,-73.854788999999997,Brooklyn,C2-3\R6,16,2126,FULTON STREET,THOMAS S BOYLAND STREET ,SOMERS STREET,NONE,,SOMERS STREET,NO,,81539,CityBridge LLC,,,"(40.727094999999998, -73.854788999999997)"
08/22/2016,new site,LINK-018134,advertising unit,40.733890000000002,-73.872709,Brooklyn,C5-3,16,2069,FULTON STREET,EAST   27 STREET,EAST   28 STREET,NONE,,EAST   28 STREET,NO,,81540,CityBridge LLC,,,"(40.733890000000002, -73.872709)"
08/23/2016,new site,LINK-018042,advertising unit,40.734079000000001,-73.873357999999996,Queens,C1-2/R7-1,6,,QUEENS BOULEVARD,66 ROAD,99 STREET,NONE,,99 STREET,NO,,81544,CityBridge LLC,,,"(40.734079000000001, -73.873357999999996)"
08/23/2016,new site,LINK-018138,advertising unit,40.734161999999998,-73.873658000000006,Queens,C1-2/R6,4,,QUEENS BOULEVARD,57 AVENUE,90 STREET,NONE,,90 STREET,NO,,81545,CityBridge LLC,,,"(40.734161999999998, -73.873658000000006)"
08/23/2016,new site,LINK-018139,advertising unit,40.735388,-73.876255,Queens,C1-2/R6,4,,QUEENS BOULEVARD,57 AVENUE,90 STREET,NONE,,90 STREET,NO,,81546,CityBridge LLC,,,"(40.735388, -73.876255)"
08/23/2016,new site,LINK-018140,advertising unit,40.736272999999997,-73.877364,Queens,C1-2/R6,4,,QUEENS BOULEVARD,57 AVENUE,90 STREET,NONE,,90 STREET,NO,,81547,CityBridge LLC,,,"(40.736272999999997, -73.877364)"
08/23/2016,new site,LINK-018141,advertising unit,40.736981999999998,-73.880314999999996,Queens,C1-3/R6,4,,QUEENS BOULEVARD,55 AVENUE,55 ROAD,NONE,,55 ROAD,NO,,81548,CityBridge LLC,,,"(40.736981999999998, -73.880314999999996)"
08/23/2016,new site,LINK-018142,advertising unit,40.737777000000001,-73.883977999999999,Queens,C1-3/R6,4,,QUEENS BOULEVARD,BROADWAY,54 AVENUE,NONE,,54 AVENUE,NO,,81549,CityBridge LLC,,,"(40.737777000000001, -73.883977999999999)"
08/23/2016,new site,LINK-018143,advertising unit,40.738349999999997,-73.887011999999999,Queens,C1-2/R6,4,,QUEENS BOULEVARD,GOLDSMITH STREET,VAN LOON STREET,NONE,,VAN LOON STREET,NO,,81551,CityBridge LLC,,,"(40.738349999999997, -73.887011999999999)"
08/23/2016,new site,LINK-018144,advertising unit,40.739393,-73.892498000000003,Queens,C4-2,4,,QUEENS BOULEVARD,CORNISH AVENUE,51 AVENUE,NONE,,51 AVENUE,NO,,81552,CityBridge LLC,,,"(40.739393, -73.892498000000003)"
08/23/2016,new site,LINK-018145,advertising unit,40.739922,-73.895296000000002,Queens,M1-1,4,,QUEENS BOULEVARD,JACOBUS STREET,IRELAND STREET,NONE,,IRELAND STREET,NO,,81553,CityBridge LLC,,,"(40.739922, -73.895296000000002)"
08/23/2016,new site,LINK-018146,advertising unit,40.740727,-73.899863999999994,Queens,C2-2/R5,2,,QUEENS BOULEVARD,70 STREET,72 STREET,NONE,,72 STREET,NO,,81554,CityBridge LLC,,,"(40.740727, -73.899863999999994)"
08/23/2016,new site,LINK-018147,advertising unit,40.740962000000003,-73.901886000000005,Queens,C2-3/R7X,2,,QUEENS BOULEVARD,69 STREET,45 AVENUE,NONE,,45 AVENUE,NO,,81555,CityBridge LLC,,,"(40.740962000000003, -73.901886000000005)"
08/23/2016,new site,LINK-018148,advertising unit,40.741219999999998,-73.904089999999997,Queens,C2-3/R7X,2,,QUEENS BOULEVARD,65 STREET,BROOKLYN QUEENS EP ET   39 W WB,NONE,,BROOKLYN QUEENS EP ET   39 W WB,NO,,81556,CityBridge LLC,,,"(40.741219999999998, -73.904089999999997)"
08/23/2016,new site,LINK-018149,advertising unit,40.741506000000001,-73.906524000000005,Queens,C2-3/R7X,2,,QUEENS BOULEVARD,61 STREET,64 STREET,NONE,,64 STREET,NO,,81557,CityBridge LLC,,,"(40.741506000000001, -73.906524000000005)"
08/23/2016,new site,LINK-018151,advertising unit,40.741444999999999,-73.907539999999997,Queens,C1-2/R7-1,2,,QUEENS BOULEVARD,61 STREET,61 STREET,NONE,,61 STREET,NO,,81559,CityBridge LLC,,,"(40.741444999999999, -73.907539999999997)"
08/23/2016,new site,LINK-018153,advertising unit,40.742372707519898,-73.914068479178894,Queens,C1-2\R8R6,2,,QUEENS BOULEVARD,58 STREET ,59 STREET ,NONE,,59 STREET ,NO,,81561,CityBridge LLC,,,"(40.742372707519898, -73.914068479178894)"
08/23/2016,new site,LINK-018155,advertising unit,40.742512392135197,-73.915349154193194,Queens,C1-2\R8R6,2,,58 STREET,QUEENS BOULEVARD,47 AVENUE,NONE,,47 AVENUE,YES,Sunnyside Shines,81564,CityBridge LLC,,,"(40.742512392135197, -73.915349154193194)"
08/23/2016,new site,LINK-018156,advertising unit,40.742977000000003,-73.919179999999997,Queens,M1-1,2,,QUEENS BOULEVARD,51 STREET,51 STREET,NONE,,51 STREET,YES,Sunnyside Shines,81565,CityBridge LLC,,,"(40.742977000000003, -73.919179999999997)"
08/23/2016,new site,LINK-018157,advertising unit,40.743218844119099,-73.920940176139794,Queens,C4-4A,2,,QUEENS BOULEVARD,49 STREET,50 STREET,NONE,,50 STREET,YES,Sunnyside Shines,81566,CityBridge LLC,,,"(40.743218844119099, -73.920940176139794)"
08/24/2016,new site,LINK-018159,advertising unit,40.743310958285399,-73.922389650835299,Queens,C4-4A,2,,QUEENS BOULEVARD,45 STREET,46 STREET,NONE,,46 STREET,YES,Sunnyside Shines,81568,CityBridge LLC,,,"(40.743310958285399, -73.922389650835299)"
08/24/2016,new site,LINK-018160,advertising unit,40.743416189664103,-73.922669829252499,Queens,C1-4/R7A,2,,QUEENS BOULEVARD,43 STREET,44 STREET,NONE,,44 STREET,YES,Sunnyside Shines,81569,CityBridge LLC,,,"(40.743416189664103, -73.922669829252499)"
08/24/2016,new site,LINK-018161,advertising unit,40.743398081947603,-73.9233308260809,Queens,C1-4/R7A,2,,42 STREET,QUEENS BOULEVARD,47 AVENUE,NONE,,47 AVENUE,YES,Sunnyside Shines,81570,CityBridge LLC,,,"(40.743398081947603, -73.9233308260809)"
08/24/2016,new site,LINK-018164,advertising unit,40.743493999999998,-73.923591999999999,Queens,C1-4/R7A,2,,41 STREET,41 STREET,42 STREET,NONE,,42 STREET,YES,Sunnyside Shines,81573,CityBridge LLC,,,"(40.743493999999998, -73.923591999999999)"
08/24/2016,new site,LINK-018165 ,advertising unit,40.743555000000001,-73.924155999999996,Queens,C2-2/R5,2,,QUEENS BOULEVARD,40 STREET,41 STREET,NONE,,41 STREET,YES,Sunnyside Shines,81574,CityBridge LLC,,,"(40.743555000000001, -73.924155999999996)"
08/24/2016,new site,LINK-018166,advertising unit,40.743720000000003,-73.925571000000005,Queens,C1-4/R7A,2,,QUEENS BOULEVARD,40 STREET,41 STREET,NONE,,41 STREET,YES,Sunnyside Shines,81575,CityBridge LLC,,,"(40.743720000000003, -73.925571000000005)"
08/24/2016,new site,LINK-018167,advertising unit,40.743634999999998,-73.924830999999998,Queens,C1-4/R7A,2,,QUEENS BOULEVARD,39 STREET,39 PLACE,NONE,,39 PLACE,YES,Sunnyside Shines,81576,CityBridge LLC,,,"(40.743634999999998, -73.924830999999998)"
08/24/2016,new site,LINK-018168,advertising unit,40.744071275288697,-73.9290407152792,Queens,C1-4/R7A,2,,QUEENS BOULEVARD,39 PLACE,40 STREET,NONE,,40 STREET,NO,,81577,CityBridge LLC,,,"(40.744071275288697, -73.9290407152792)"
08/24/2016,new site,LINK-018169,advertising unit,40.744595045179302,-73.9328519666132,Queens,M1-4,2,,36 STREET,QUEENS BOULEVARD,47 AVENUE,NONE,,47 AVENUE,NO,,81578,CityBridge LLC,,,"(40.744595045179302, -73.9328519666132)"
08/24/2016,new site,LINK-018170,advertising unit,40.744646354749399,-73.933394098796896,Queens,M1-4,2,,QUEENS BOULEVARD,THOMSON AVENUE,32 PLACE,NONE,,32 PLACE,NO,,81579,CityBridge LLC,,,"(40.744646354749399, -73.933394098796896)"
08/24/2016,new site,LINK-018171,advertising unit,40.744607999999999,-73.933725999999993,Queens,M1-4,2,,QUEENS BOULEVARD,THOMSON AVENUE,32 PLACE,NONE,,32 PLACE,NO,,81580,CityBridge LLC,,,"(40.744607999999999, -73.933725999999993)"
08/24/2016,new site,LINK-018172,advertising unit,40.744846352748297,-73.935548931535806,Queens,M1-5/R9/LIC,2,,VAN DAM STREET,44 DRIVE,ED KOCH BR UPPER ROADWAY APPR,NONE,,ED KOCH BR UPPER ROADWAY APPR,NO,,81581,CityBridge LLC,,,"(40.744846352748297, -73.935548931535806)"
08/24/2016,new site,LINK-018173,advertising unit,40.744891364454702,-73.936301104818199,Queens,M1-4,2,,31 STREET,30 PLACE,31 STREET,NONE,,31 STREET,NO,,81582,CityBridge LLC,,,"(40.744891364454702, -73.936301104818199)"
08/24/2016,new site,LINK-018174,advertising unit,40.832773279999998,-73.94563325,Queens,M1-4,2,,30 PLACE,30 PLACE,31 STREET,NONE,,31 STREET,NO,,81583,CityBridge LLC,,,"(40.832773279999998, -73.94563325)"
08/25/2016,new site,LINK-018175 ,advertising unit,40.83083542,-73.943392259999996,Manhattan,C2-4/R8,12,3740,BROADWAY,WEST  155 STREET,EDWARD M MORGAN PLACE,NONE,,EDWARD M MORGAN PLACE,NO,,81585,CityBridge LLC,,,"(40.83083542, -73.943392259999996)"
08/25/2016,new site,LINK-018177,advertising unit,40.829504579999998,-73.9446358,Manhattan,C2-4/R7A,9,1895,AMSTERDAM AVENUE,WEST  153 STREET,WEST  154 STREET,NONE,,WEST  154 STREET,NO,,81586,CityBridge LLC,,,"(40.829504579999998, -73.9446358)"
08/25/2016,new site,LINK-018179,advertising unit,40.814538499999998,-73.955279809999993,Manhattan,C2-4/R7A,9,1850,AMSTERDAM AVENUE,WEST  151 STREET,WEST  152 STREET,NONE,,WEST  152 STREET,NO,,81587,CityBridge LLC,,,"(40.814538499999998, -73.955279809999993)"
08/25/2016,new site,LINK-018185,advertising unit,40.817155,-73.953365000000005,Manhattan,M1-5/R7-2/MX-15,9,1381,AMSTERDAM AVENUE,WEST  128 STREET,WEST  129 STREET,NONE,,WEST  129 STREET,NO,,81590,CityBridge LLC,,,"(40.817155, -73.953365000000005)"
08/25/2016,new site,LINK-018187,advertising unit,40.818933999999999,-73.952038999999999,Manhattan,C1-4/R7A,9,1467,AMSTERDAM AVENUE,WEST  131 STREET,WEST  133 STREET,NONE,,WEST  133 STREET,NO,,81591,CityBridge LLC,,,"(40.818933999999999, -73.952038999999999)"
08/25/2016,new site,LINK-018189,advertising unit,40.818022859999999,-73.956373819999996,Manhattan,PARK,9,499,WEST 135 STREET,WEST  134 STREET,WEST  135 STREET,NONE,,WEST  135 STREET,NO,,81593,CityBridge LLC,,,"(40.818022859999999, -73.956373819999996)"
08/25/2016,new site,LINK-018196,advertising unit,40.747082073517298,-73.942805413864704,Manhattan,C6-1/MMU,9,3270,BROADWAY,WEST  131 STREET,WEST  132 STREET,NONE,,WEST  132 STREET,NO,,81597,CityBridge LLC,,,"(40.747082073517298, -73.942805413864704)"
08/25/2016,new site,LINK-018198,advertising unit,40.746636936941698,-73.944139031288998,Queens,C5-3,2,,JACKSON AVENUE,45 AVENUE,THOMSON AVENUE,NONE,,THOMSON AVENUE,NO,,81598,CityBridge LLC,,,"(40.746636936941698, -73.944139031288998)"
08/25/2016,new site,LINK-018199,advertising unit,40.7460993030952,-73.945253699354495,Queens,C5-3,2,,45 AVENUE,23 STREET & FLUSHING AVENUE,JACKSON AVENUE,NONE,,JACKSON AVENUE,NO,,81599,CityBridge LLC,,,"(40.7460993030952, -73.945253699354495)"
08/25/2016,new site,LINK-018200,advertising unit,40.745421999999998,-73.946939999999998,Queens,C5-3/LIC,2,,JACKSON AVENUE,45 ROAD,45 AVENUE,NONE,,45 AVENUE,NO,,81600,CityBridge LLC,,,"(40.745421999999998, -73.946939999999998)"
08/25/2016,new site,LINK-018201,advertising unit,40.744917676327098,-73.947660495345104,Queens,M1-5/R7-3/LIC,2,,JACKSON AVENUE,46 AVENUE,23 STREET,NONE,,23 STREET,NO,,81601,CityBridge LLC,,,"(40.744917676327098, -73.947660495345104)"
08/25/2016,new site,LINK-018203,advertising unit,40.743605728000901,-73.950850544175395,Queens,M1-5/R7X,2,2116,JACKSON AVENUE,ARCH STREET,46 ROAD,NONE,,46 ROAD,NO,,81603,CityBridge LLC,,,"(40.743605728000901, -73.950850544175395)"
08/29/2016,new site,LINK-018205,advertising unit,40.743306025524603,-73.9508924344576,Queens,C2-5/R7X/LIC,2,,JACKSON AVENUE,48 AVENUE,47 ROAD,NONE,,47 ROAD,NO,,81605,CityBridge LLC,,,"(40.743306025524603, -73.9508924344576)"
08/29/2016,new site,LINK-018206,advertising unit,40.742636571754197,-73.952704174599702,Queens,M1-5/R7X/LIC,2,,11 STREET,48 AVENUE,JACKSON AVENUE,NONE,,JACKSON AVENUE,NO,,81606,CityBridge LLC,,,"(40.742636571754197, -73.952704174599702)"
08/29/2016,new site,LINK-018207,advertising unit,40.742203000000003,-73.953091000000001,Queens,M1-4/R6B/LIC,2,,JACKSON AVENUE,50 AVENUE,11 STREET,NONE,,11 STREET,NO,,81607,CityBridge LLC,,,"(40.742203000000003, -73.953091000000001)"
08/29/2016,new site,LINK-018208 ,advertising unit,40.7423025594425,-73.953350157845406,Queens,C2-5/R7X/LIC,2,1040,JACKSON AVENUE,51 AVENUE,50 AVENUE,NONE,,50 AVENUE,NO,,81608,CityBridge LLC,,,"(40.7423025594425, -73.953350157845406)"
08/29/2016,new site,LINK-018209,advertising unit,40.728839999999998,-73.859559000000004,Queens,C2-5/R7X/LIC,2,,JACKSON AVENUE,51 AVENUE,50 AVENUE,NONE,,50 AVENUE,NO,,81609,CityBridge LLC,,,"(40.728839999999998, -73.859559000000004)"
08/29/2016,new site,LINK-018210,advertising unit,40.729382999999999,-73.861052999999998,Queens,C1-2/R7-1,6,,QUEENS BOULEVARD,64 ROAD,65 ROAD,NONE,,65 ROAD,NO,,81610,CityBridge LLC,,,"(40.729382999999999, -73.861052999999998)"
08/29/2016,new site,LINK-018211,advertising unit,40.730322000000001,-73.863630999999998,Queens,C4-2,6,,QUEENS BOULEVARD,64 AVENUE,64 ROAD,NONE,,64 ROAD,NO,,81611,CityBridge LLC,,,"(40.730322000000001, -73.863630999999998)"
08/29/2016,new site,LINK-018212,advertising unit,40.731707999999998,-73.866963999999996,Queens,C4-2,6,,QUEENS BOULEVARD,62 DRIVE,JUNCTION BOULEVARD,NONE,,JUNCTION BOULEVARD,NO,,81612,CityBridge LLC,,,"(40.731707999999998, -73.866963999999996)"
08/30/2016,new site,LINK-018214,advertising unit,40.731999000000002,-73.867461000000006,Queens,C1-2/R7-1,6,,QUEENS BOULEVARD,ELIOT AVENUE,LIE WB ENTRANCE QUEENS BLVD,NONE,,LIE WB ENTRANCE QUEENS BLVD,NO,,81614,CityBridge LLC,,,"(40.731999000000002, -73.867461000000006)"
08/30/2016,new site,LINK-018215,advertising unit,40.732354000000001,-73.868401000000006,Queens,C1-2/R7-1,6,,QUEENS BOULEVARD,ELIOT AVENUE,LIE WB ENTRANCE QUEENS BLVD,NONE,,LIE WB ENTRANCE QUEENS BLVD,NO,,81615,CityBridge LLC,,,"(40.732354000000001, -73.868401000000006)"
08/30/2016,new site,LINK-018216,advertising unit,40.810161999999998,-73.927893999999995,Queens,C1-2\R7-1,6,,ELIOT AVENUE,LONG ISLAND EXPWY ET 19 EB ,QUEENS BOULEVARD ,NONE,,QUEENS BOULEVARD ,NO,,81616,CityBridge LLC,,,"(40.810161999999998, -73.927893999999995)"
08/30/2016,new site,LINK-018218 ,advertising unit,40.817520000000002,-73.928882999999999,Bronx,M1-4/R7A,1,199,LINCOLN AVENUE,EAST 136 STREET ,EAST 137 STREET ,NONE,,EAST 137 STREET ,NO,,81618,CityBridge LLC,,,"(40.817520000000002, -73.928882999999999)"
08/30/2016,new site,LINK-018220,advertising unit,40.816740000000003,-73.929293000000001,Bronx,M1-4/R8A/MX-13,1,135,EAST 146 STREET,GERARD AVENUE,WALTON AVENUE,NONE,,WALTON AVENUE,NO,,81620,CityBridge LLC,,,"(40.816740000000003, -73.929293000000001)"
08/30/2016,new site,LINK-018221,advertising unit,40.815040000000003,-73.929888000000005,Bronx,C6-2A,1,140,EAST 144 STREET,WALTON AVENUE,GRAND CONCOURSE,NONE,,GRAND CONCOURSE,NO,,81621,CityBridge LLC,,,"(40.815040000000003, -73.929888000000005)"
08/30/2016,new site,LINK-018222,advertising unit,40.814309999999999,-73.930216999999999,Bronx,M1-2,1,301,WALTON AVENUE,EAST 138 STREET,EAST 140 STREET,NONE,,EAST 140 STREET,NO,,81622,CityBridge LLC,,,"(40.814309999999999, -73.930216999999999)"
08/30/2016,new site,LINK-018223,advertising unit,40.813595999999997,-73.930404999999993,Bronx,M1-4/R6A/MX-13,1,261,WALTON AVENUE,EAST  138 STREET,EAST  140 STREET,NONE,,EAST  140 STREET,NO,,81623,CityBridge LLC,,,"(40.813595999999997, -73.930404999999993)"
08/30/2016,new site,LINK-018224,advertising unit,40.812435999999998,-73.929257000000007,Bronx,C6-2A,1,250,WALTON AVENUE,EAST  138 STREET,EAST  140 STREET,NONE,,EAST  140 STREET,NO,,81624,CityBridge LLC,,,"(40.812435999999998, -73.929257000000007)"
08/30/2016,new site,LINK-018225,advertising unit,40.812263000000002,-73.928652,Bronx,M1-4/R7X/MX-13,1,200,EAST 138 STREET,PARK AVENUE,CANAL STREET WEST,NONE,,CANAL STREET WEST,NO,,81625,CityBridge LLC,,,"(40.812263000000002, -73.928652)"
08/30/2016,new site,LINK-018226,advertising unit,40.810997999999998,-73.927577999999997,Bronx,M1-4/R7X/MX-13,1,217,EAST 138 STREET,CANAL STREET WEST,CANAL PLACE,NONE,,CANAL PLACE,NO,,81626,CityBridge LLC,,,"(40.810997999999998, -73.927577999999997)"
08/30/2016,new site,LINK-018227,advertising unit,40.808549999999997,-73.929086999999996,Bronx,M1-2,1,2535,3 AVENUE,EAST 137 STREET,EAST 138 STREET,NONE,,EAST 138 STREET,NO,,81627,CityBridge LLC,,,"(40.808549999999997, -73.929086999999996)"
08/30/2016,new site,LINK-018228,advertising unit,40.807380999999999,-73.929963000000001,Bronx,M1-2/R6A/MX-1,1,145,LINCOLN AVENUE,EAST  134 STREET,EAST  135 STREET,NONE,,EAST  135 STREET,NO,,81628,CityBridge LLC,,,"(40.807380999999999, -73.929963000000001)"
08/30/2016,new site,LINK-018229,advertising unit,40.785400090000003,-73.949339499999994,Bronx,M1-3/R8/MX-1,1,101,LINCOLN AVENUE,EAST  132 STREET,BRUCKNER BOULEVARD,NONE,,BRUCKNER BOULEVARD,NO,,81629,CityBridge LLC,,,"(40.785400090000003, -73.949339499999994)"
08/30/2016,new site,LINK-018374 ,advertising unit,40.800362980000003,-73.938113490000006,Manhattan,C4-4D,11,2201,3 AVENUE,EAST  119 STREET,EAST  120 STREET,NONE,,EAST  120 STREET,NO,,81631,CityBridge LLC,,,"(40.800362980000003, -73.938113490000006)"
08/30/2016,new site,LINK-018375,advertising unit,40.79190045,-73.944601129999995,Manhattan,C1-5/R8A,11,1928,3 AVENUE,EAST  106 STREET,EAST  107 STREET,NONE,,EAST  107 STREET,NO,,81632,CityBridge LLC,,,"(40.79190045, -73.944601129999995)"
08/30/2016,new site,LINK-018373,advertising unit,40.79878755,-73.939763979999995,Manhattan,C4-4D,11,189,EAST 117 STREET,LEXINGTON AVENUE,3 AVENUE,NONE,,3 AVENUE,NO,,81633,CityBridge LLC,,,"(40.79878755, -73.939763979999995)"
08/30/2016,new site,LINK-018376,advertising unit,40.799115380000003,-73.939029970000007,Manhattan,C4-4D,11,2151,3 AVENUE,EAST  117 STREET,EAST  118 STREET,NONE,,EAST  118 STREET,NO,,81634,CityBridge LLC,,,"(40.799115380000003, -73.939029970000007)"
08/31/2016,new site,LINK-018378,advertising unit,40.801085010000001,-73.937426090000002,Manhattan,C4-4D/R7A,6,203,EAST 121 STREET,3 AVENUE,2 AVENUE,NONE,,2 AVENUE,NO,,81635,CityBridge LLC,,,"(40.801085010000001, -73.937426090000002)"
08/31/2016,new site,LINK-018390,advertising unit,40.843859999999999,-73.912999999999997,Bronx,C1-4/R8,4,1605,WALTON AVENUE,EAST MT EDEN AVENUE,EAST  174 STREET,NONE,,EAST  174 STREET,NO,,81636,CityBridge LLC,,,"(40.843859999999999, -73.912999999999997)"
08/31/2016,new site,LINK-018391,advertising unit,40.835129999999999,-73.919799999999995,Bronx,C1-4/R8,4,84,EAST 167 STREET,GERARD AVENUE,WALTON AVENUE,NONE,,WALTON AVENUE,NO,,81637,CityBridge LLC,,,"(40.835129999999999, -73.919799999999995)"
08/31/2016,new site,LINK-018394,advertising unit,40.848329999999997,-73.909899999999993,Bronx,C1-4/R8,5,55,EAST 176 STREET,TOWNSEND AVENUE,WALTON AVENUE,NONE,,WALTON AVENUE,NO,,81639,CityBridge LLC,,,"(40.848329999999997, -73.909899999999993)"
08/31/2016,new site,LINK-018396,advertising unit,40.852969999999999,-73.904799999999994,Bronx,C1-4/R8,5,125,EAST BURNSIDE AVENUE,MORRIS AVENUE,CRESTON AVENUE,NONE,,CRESTON AVENUE,NO,,81641,CityBridge LLC,,,"(40.852969999999999, -73.904799999999994)"
08/31/2016,new site,LINK-018397,advertising unit,40.861150000000002,-73.897400000000005,Bronx,C4-4/C,5,202,EAST 188 STREET,EAST  187 STREET,EAST  188 STREET,NONE,,EAST  188 STREET,NO,,81642,CityBridge LLC,,,"(40.861150000000002, -73.897400000000005)"
08/31/2016,new site,LINK-018400,advertising unit,40.863660000000003,-73.900499999999994,Bronx,C2-4/R6,7,2495,JEROME AVENUE,EAST FORDHAM ROAD,EAST  190 STREET,NONE,,EAST  190 STREET,YES,Fordham RoadBID,81644,CityBridge LLC,,,"(40.863660000000003, -73.900499999999994)"
08/31/2016,new site,LINK-018401,advertising unit,40.862740000000002,-73.907899999999998,Bronx,C1-4/R6,7,152,WEST FORDHAM ROAD,LORING PLACE,SEDGWICK AVENUE,NONE,,SEDGWICK AVENUE,NO,,81645,CityBridge LLC,,,"(40.862740000000002, -73.907899999999998)"
08/31/2016,new site,LINK-018402,advertising unit,40.868699999999997,-73.902100000000004,Bronx,C1-3/R6,8,119,WEST KINGSBDGE ROAD,UNIVERSITY AVENUE,WEBB AVENUE,NONE,,WEBB AVENUE,NO,,81646,CityBridge LLC,,,"(40.868699999999997, -73.902100000000004)"
08/31/2016,new site,LINK-018403,advertising unit,40.866819999999997,-73.897800000000004,Bronx,C2-3/R8,7,2614,JEROME AVENUE,EAST 193 STREET ,EAST KINGSBRIDGE ROAD ,NONE,,EAST KINGSBRIDGE ROAD ,NO,,81647,CityBridge LLC,,,"(40.866819999999997, -73.897800000000004)"
08/31/2016,new site,LINK-018061,advertising unit,40.686655999999999,-73.974581000000001,Brooklyn,C2-4/R7A,2,96,SOUTH PORTLAND AVENUE,LAFAYETTE AVENUE,FULTON STREET,NONE,,FULTON STREET,YES,Court-Livingston-SchermerhornBID,81652,CityBridge LLC,,,"(40.686655999999999, -73.974581000000001)"
08/23/2016,new site,LINK-018137,advertising unit,40.733578999999999,-73.871647999999993,Queens,C1-2/R6,4,,QUEENS BOULEVARD,90 STREET,WOODHAVEN BOULEVARD,NONE,,WOODHAVEN BOULEVARD,NO,,81668,CityBridge LLC,,,"(40.733578999999999, -73.871647999999993)"
